Marielle Predovic,Marielle Predovic,roy.krajcik@example.net,password
Vada Weber,Vada Weber,herman40@example.com,password
Pascale Maggio,Pascale Maggio,isabel73@example.org,password
Prof. Santiago Bartoletti,Prof. Santiago Bartoletti,reed.okeefe@example.com,password
Jannie Crooks,Jannie Crooks,bartoletti.ana@example.org,password
Filiberto Christiansen,Filiberto Christiansen,pleannon@example.com,password
Prof. Jovany Daugherty,Prof. Jovany Daugherty,jacobi.rodrigo@example.net,password
Dr. Wilford Rempel,Dr. Wilford Rempel,amedhurst@example.net,password
Ms. Damaris Luettgen MD,Ms. Damaris Luettgen MD,randi.breitenberg@example.org,password
Prof. Federico Cole,Prof. Federico Cole,yluettgen@example.net,password
Ms. Renee Marvin III,Ms. Renee Marvin III,wilma99@example.com,password
Paul Runte,Paul Runte,jerdman@example.org,password
Mr. Gregg Champlin,Mr. Gregg Champlin,boyer.bobbie@example.com,password
Haylee Tremblay,Haylee Tremblay,ihoppe@example.com,password
Prof. Earnest Kunde Jr.,Prof. Earnest Kunde Jr.,russell.oberbrunner@example.org,password
Casimir Lueilwitz,Casimir Lueilwitz,mayer.darrin@example.com,password
Veda Gutmann,Veda Gutmann,kirsten.white@example.com,password
Candida Connelly I,Candida Connelly I,ikutch@example.org,password
Brock Miller,Brock Miller,reichel.lewis@example.com,password
Prof. Hilma Tromp,Prof. Hilma Tromp,danika.rippin@example.org,password
Angus Rodriguez,Angus Rodriguez,volkman.maurice@example.net,password
Dr. Rhianna Blanda,Dr. Rhianna Blanda,koepp.anahi@example.com,password
Aleen Turcotte,Aleen Turcotte,windler.rebecca@example.net,password
Miss Claudia Lang,Miss Claudia Lang,nedra.brown@example.com,password
Dr. Oswaldo Daugherty III,Dr. Oswaldo Daugherty III,troy57@example.com,password
Emma Mann,Emma Mann,wlittle@example.net,password
Maxwell Yost,Maxwell Yost,libby17@example.com,password
Dr. Amanda Mertz,Dr. Amanda Mertz,hziemann@example.net,password
Dr. Margie Ullrich,Dr. Margie Ullrich,gschiller@example.com,password
Ms. Charity Ortiz Jr.,Ms. Charity Ortiz Jr.,gtillman@example.com,password
Jan Schamberger,Jan Schamberger,bryce.reichel@example.net,password
Viva Koepp,Viva Koepp,schmidt.mariane@example.org,password
Prof. Luciano Kertzmann II,Prof. Luciano Kertzmann II,tschmitt@example.com,password
Fermin Fadel I,Fermin Fadel I,gsimonis@example.org,password
Guy Lindgren I,Guy Lindgren I,fcrona@example.com,password
Elnora Lebsack DDS,Elnora Lebsack DDS,izieme@example.net,password
Prof. Terence Ratke,Prof. Terence Ratke,dorthy19@example.org,password
Alena Runte DVM,Alena Runte DVM,bdibbert@example.org,password
Esther Kunze,Esther Kunze,jarrett55@example.org,password
Kenton Volkman,Kenton Volkman,yundt.margie@example.org,password
Stephanie Bergstrom,Stephanie Bergstrom,eileen46@example.net,password
Ettie Dietrich,Ettie Dietrich,qkihn@example.net,password
Dr. Kane Herzog Jr.,Dr. Kane Herzog Jr.,joey27@example.net,password
Llewellyn O'Kon,Llewellyn O'Kon,sharon.emmerich@example.org,password
D'angelo Wilkinson,D'angelo Wilkinson,qtillman@example.net,password
Orville Beer,Orville Beer,wilderman.aileen@example.net,password
Christ Kris,Christ Kris,srunolfsdottir@example.com,password
Jovanny Doyle IV,Jovanny Doyle IV,coralie67@example.net,password
Hassan Paucek,Hassan Paucek,willms.kristofer@example.com,password
Arne Gleason,Arne Gleason,dbarton@example.org,password
Cleta Davis,Cleta Davis,pwyman@example.net,password
Prof. Mackenzie Greenfelder Jr.,Prof. Mackenzie Greenfelder Jr.,zfarrell@example.org,password
Prof. Sydney O'Hara DVM,Prof. Sydney O'Hara DVM,pacocha.janae@example.com,password
Orin Boyle,Orin Boyle,npredovic@example.org,password
Miguel Franecki,Miguel Franecki,anna.crona@example.com,password
Mrs. Missouri Kihn II,Mrs. Missouri Kihn II,joshua08@example.net,password
Al Wuckert Jr.,Al Wuckert Jr.,steuber.ayla@example.org,password
Mac Hoeger,Mac Hoeger,wilbert.rogahn@example.com,password
Orval Ernser,Orval Ernser,oreilly.sienna@example.net,password
Mr. Golden Kovacek,Mr. Golden Kovacek,schmeler.adrain@example.com,password
Isabel Donnelly,Isabel Donnelly,carter.roberto@example.org,password
Lia Kunde,Lia Kunde,carissa73@example.com,password
Abbie Leffler,Abbie Leffler,sswaniawski@example.com,password
Ron Berge Jr.,Ron Berge Jr.,ernestine.dietrich@example.net,password
Diana Prohaska,Diana Prohaska,ray61@example.net,password
Isai Hahn,Isai Hahn,chaim.hills@example.net,password
Mr. Tyrique Reynolds PhD,Mr. Tyrique Reynolds PhD,becker.zion@example.com,password
Melissa Sawayn,Melissa Sawayn,rahul.ebert@example.org,password
Electa VonRueden DDS,Electa VonRueden DDS,alexandra45@example.net,password
Vladimir Herzog,Vladimir Herzog,borer.lukas@example.org,password
Houston Brekke MD,Houston Brekke MD,ciara.brakus@example.com,password
Malika O'Conner,Malika O'Conner,justyn.schamberger@example.com,password
Thalia Crist,Thalia Crist,murazik.bernard@example.net,password
Dr. Tommie Hilpert,Dr. Tommie Hilpert,nicolas.harvey@example.org,password
Damon Simonis,Damon Simonis,devan70@example.com,password
Jensen Volkman,Jensen Volkman,zhuels@example.net,password
River Koch PhD,River Koch PhD,nash.hoppe@example.org,password
Ludwig Gibson Jr.,Ludwig Gibson Jr.,welch.chris@example.org,password
Miss Heloise Kihn II,Miss Heloise Kihn II,padberg.kayli@example.org,password
Miss Ruby Beatty MD,Miss Ruby Beatty MD,qleannon@example.org,password
Otto Wisoky,Otto Wisoky,diego.graham@example.com,password
Kaleigh Cartwright DDS,Kaleigh Cartwright DDS,casey.west@example.com,password
Bo Maggio,Bo Maggio,reilly.amelia@example.net,password
Tavares O'Reilly,Tavares O'Reilly,djakubowski@example.net,password
Jane Bernhard,Jane Bernhard,heaney.rodolfo@example.net,password
Prof. Edward Casper IV,Prof. Edward Casper IV,rene57@example.net,password
Vella Moen,Vella Moen,katelyn.cremin@example.org,password
Jaylen Simonis Sr.,Jaylen Simonis Sr.,griffin.kiehn@example.com,password
Rhett Cole,Rhett Cole,torphy.brandy@example.net,password
Mr. Jerrold Romaguera DVM,Mr. Jerrold Romaguera DVM,rhoda.morar@example.net,password
Ms. Mable Rau,Ms. Mable Rau,sipes.eduardo@example.org,password
Percival Runte Jr.,Percival Runte Jr.,nkreiger@example.org,password
Prof. Scot Labadie,Prof. Scot Labadie,nienow.jane@example.com,password
Enrique Kassulke,Enrique Kassulke,mandy.hodkiewicz@example.org,password
Dr. Marian Altenwerth I,Dr. Marian Altenwerth I,naomi15@example.net,password
Beth Bauch,Beth Bauch,kuvalis.catalina@example.org,password
Prof. Geo Murphy III,Prof. Geo Murphy III,jamison70@example.org,password
Margarita Johns,Margarita Johns,merritt68@example.org,password
Garfield Ryan,Garfield Ryan,london36@example.com,password
Jorge Sipes,Jorge Sipes,mazie24@example.com,password
Ms. Leora Haag II,Ms. Leora Haag II,awehner@example.org,password
Bernardo Sauer,Bernardo Sauer,cloyd.grady@example.com,password
Madonna Hirthe,Madonna Hirthe,berta77@example.net,password
Mrs. Yesenia Gerlach IV,Mrs. Yesenia Gerlach IV,dejuan.ferry@example.net,password
Dino Graham III,Dino Graham III,francesca.mueller@example.com,password
Josue Murazik,Josue Murazik,jaskolski.allie@example.com,password
Melyssa Zieme,Melyssa Zieme,schaden.kenny@example.com,password
Geovany Ratke,Geovany Ratke,kiara.sanford@example.com,password
Jeramie Rowe II,Jeramie Rowe II,eudora45@example.org,password
Penelope Bashirian,Penelope Bashirian,tania29@example.org,password
Josefa Jacobson,Josefa Jacobson,ecartwright@example.net,password
Tre Schaden,Tre Schaden,magnus48@example.net,password
Miss Shanel Beer III,Miss Shanel Beer III,nhessel@example.com,password
Leonardo Mraz DVM,Leonardo Mraz DVM,qdenesik@example.net,password
Prof. Nova Fay,Prof. Nova Fay,zella00@example.org,password
Dr. Orin Hackett,Dr. Orin Hackett,khartmann@example.com,password
Florencio McClure Sr.,Florencio McClure Sr.,daphney.casper@example.com,password
Flossie Franecki IV,Flossie Franecki IV,guadalupe.ryan@example.com,password
Candida Cremin DDS,Candida Cremin DDS,aubree07@example.com,password
Dr. Immanuel Rosenbaum,Dr. Immanuel Rosenbaum,auer.selmer@example.net,password
Prof. Bradly Bosco II,Prof. Bradly Bosco II,ghyatt@example.org,password
Kyleigh Heathcote,Kyleigh Heathcote,sterling02@example.net,password
Lyric Leannon,Lyric Leannon,dessie53@example.net,password
Walker Kris,Walker Kris,bernice.glover@example.net,password
Concepcion Kuvalis DDS,Concepcion Kuvalis DDS,marlene75@example.com,password
Mrs. Everette Bahringer V,Mrs. Everette Bahringer V,barrows.emerald@example.org,password
Dr. Dion Reinger,Dr. Dion Reinger,lvolkman@example.net,password
Marian Bergstrom,Marian Bergstrom,brakus.everette@example.org,password
Felipa Dach,Felipa Dach,lorenza81@example.org,password
Laney Lockman,Laney Lockman,isaac.carter@example.net,password
Jorge Littel,Jorge Littel,germaine53@example.org,password
Dr. Rhianna Stiedemann III,Dr. Rhianna Stiedemann III,demarco.lind@example.org,password
Leonora Pacocha,Leonora Pacocha,akeem.hansen@example.net,password
Miss Leonor Sauer,Miss Leonor Sauer,scottie.sipes@example.com,password
Olin Heller,Olin Heller,kiana.paucek@example.net,password
Kellie Littel Jr.,Kellie Littel Jr.,alicia.bechtelar@example.org,password
Pietro McLaughlin,Pietro McLaughlin,fhackett@example.net,password
Kylee Daniel,Kylee Daniel,dandre.conroy@example.net,password
Reese Greenholt,Reese Greenholt,ashlee.considine@example.com,password
Dr. Cassandra Rogahn,Dr. Cassandra Rogahn,monahan.kurt@example.net,password
Mrs. Amira Gleichner,Mrs. Amira Gleichner,dwisozk@example.net,password
Mrs. Audie Kulas PhD,Mrs. Audie Kulas PhD,gulgowski.benjamin@example.org,password
Bradly Jenkins,Bradly Jenkins,shintz@example.net,password
Roslyn Schimmel,Roslyn Schimmel,gmante@example.net,password
Kaley Mraz,Kaley Mraz,dhalvorson@example.com,password
Mr. Everett Beier DVM,Mr. Everett Beier DVM,jermain.veum@example.net,password
Mrs. Anne Fadel,Mrs. Anne Fadel,schiller.jarrod@example.org,password
Rachael Murray,Rachael Murray,uturner@example.org,password
Prof. Odie Stiedemann,Prof. Odie Stiedemann,mcartwright@example.com,password
Mr. Kaden Beier,Mr. Kaden Beier,frank12@example.com,password
Mrs. Jaclyn Padberg,Mrs. Jaclyn Padberg,dziemann@example.net,password
Jordyn Kulas,Jordyn Kulas,ttremblay@example.net,password
Ms. Rebecca Cole DDS,Ms. Rebecca Cole DDS,electa98@example.com,password
Travon Swift,Travon Swift,eleanore02@example.org,password
Merlin Bogisich DDS,Merlin Bogisich DDS,kristian.ruecker@example.org,password
Prof. Kennedi O'Connell Sr.,Prof. Kennedi O'Connell Sr.,greenholt.stanford@example.com,password
Jimmie Hansen,Jimmie Hansen,lourdes.schroeder@example.net,password
Arne Runte IV,Arne Runte IV,vdenesik@example.org,password
Tanner McKenzie,Tanner McKenzie,lhegmann@example.org,password
Dr. Judge O'Reilly,Dr. Judge O'Reilly,auer.eryn@example.net,password
Dr. Alberta Streich,Dr. Alberta Streich,diego25@example.com,password
Priscilla Hessel,Priscilla Hessel,trunolfsdottir@example.net,password
Mr. Jake Wisoky,Mr. Jake Wisoky,madonna29@example.com,password
Beatrice Green V,Beatrice Green V,abernhard@example.com,password
Cyrus Hackett DVM,Cyrus Hackett DVM,gerhold.cynthia@example.com,password
Dedrick Littel,Dedrick Littel,dare.alysson@example.net,password
Prof. Elaina Bradtke,Prof. Elaina Bradtke,vena.ondricka@example.net,password
Rae Toy,Rae Toy,baumbach.dagmar@example.net,password
Carolanne Lesch,Carolanne Lesch,augusta.bauch@example.net,password
Kaley Olson,Kaley Olson,ullrich.river@example.net,password
Marlene Mertz,Marlene Mertz,adrienne04@example.org,password
Karolann Ratke,Karolann Ratke,brigitte.swaniawski@example.com,password
Mr. Vicente Sawayn I,Mr. Vicente Sawayn I,sbotsford@example.org,password
Noe Cormier,Noe Cormier,lenna.schroeder@example.org,password
Annamarie Schneider,Annamarie Schneider,karine82@example.org,password
Rozella Kris,Rozella Kris,icruickshank@example.org,password
Eula Purdy,Eula Purdy,mara72@example.org,password
Rosa Renner,Rosa Renner,dcollier@example.com,password
Mr. Michel Bechtelar V,Mr. Michel Bechtelar V,joanny15@example.org,password
Estell Barrows IV,Estell Barrows IV,quinn89@example.net,password
Gladys Wolf,Gladys Wolf,tremblay.kristofer@example.org,password
Blaise Wehner,Blaise Wehner,bosco.boris@example.net,password
Dallin Torphy,Dallin Torphy,nick18@example.net,password
Ms. Nelle Huel III,Ms. Nelle Huel III,fbruen@example.com,password
Hollis Dach,Hollis Dach,kiehn.shane@example.net,password
Ebony Christiansen,Ebony Christiansen,miguel27@example.net,password
Margot Armstrong,Margot Armstrong,towne.trudie@example.net,password
Luigi Reynolds,Luigi Reynolds,catharine.ritchie@example.net,password
Santos Weimann,Santos Weimann,fabian82@example.com,password
Omari Keebler,Omari Keebler,kgrady@example.com,password
Kristofer Jast,Kristofer Jast,hagenes.randall@example.net,password
Ivory Auer,Ivory Auer,sgleichner@example.org,password
Dedrick Howell,Dedrick Howell,ashlee95@example.net,password
Cayla Dach,Cayla Dach,sbeier@example.org,password
Norval Medhurst Sr.,Norval Medhurst Sr.,hayes.gay@example.net,password
Tressie Blanda,Tressie Blanda,bruen.cordia@example.com,password
Mariana Monahan,Mariana Monahan,cleveland.lakin@example.net,password
Marcelle Gulgowski,Marcelle Gulgowski,adrienne.veum@example.net,password
Mrs. Myrtis Cummings I,Mrs. Myrtis Cummings I,chill@example.net,password
Bennie Kilback,Bennie Kilback,gladys50@example.net,password
Mr. Jermey Roob,Mr. Jermey Roob,ettie.eichmann@example.org,password
Brody Koelpin,Brody Koelpin,kkerluke@example.org,password
Prof. Deven Champlin,Prof. Deven Champlin,elena82@example.org,password
Cale Schroeder,Cale Schroeder,vivien.fisher@example.org,password
Mrs. Madisyn Satterfield,Mrs. Madisyn Satterfield,bettie.koss@example.com,password
Esta Willms I,Esta Willms I,nwalsh@example.net,password
Mabelle Collins,Mabelle Collins,willie63@example.com,password
Phoebe Anderson Jr.,Phoebe Anderson Jr.,mtorp@example.com,password
Tanner Hettinger II,Tanner Hettinger II,dkiehn@example.org,password
Demarco Hoppe,Demarco Hoppe,schmeler.aniyah@example.com,password
Rollin Turner,Rollin Turner,mpollich@example.com,password
Alvina Ullrich,Alvina Ullrich,michele.weber@example.net,password
Rene Heller,Rene Heller,carolina89@example.net,password
America Kutch,America Kutch,fern14@example.org,password
Evalyn Windler IV,Evalyn Windler IV,kane39@example.net,password
Rosamond Crooks,Rosamond Crooks,theresa.wunsch@example.org,password
Florence Hegmann,Florence Hegmann,bdickinson@example.com,password
Ressie Hirthe,Ressie Hirthe,harber.shaniya@example.net,password
Jarred Emard,Jarred Emard,anissa.zieme@example.net,password
Dr. Marion Bernier I,Dr. Marion Bernier I,jannie15@example.net,password
Garry Schmitt,Garry Schmitt,trey.swaniawski@example.net,password
Dr. Ludwig Cummerata,Dr. Ludwig Cummerata,okeefe.laurine@example.org,password
Mr. Arlo Pacocha,Mr. Arlo Pacocha,lowe.damion@example.net,password
Mrs. Cindy Farrell,Mrs. Cindy Farrell,koch.dock@example.net,password
Shanie Prohaska IV,Shanie Prohaska IV,xschiller@example.org,password
Angelina Bins,Angelina Bins,nking@example.org,password
Miss Norene Graham,Miss Norene Graham,otilia.rath@example.net,password
Carolanne Ritchie,Carolanne Ritchie,cordia54@example.net,password
Lois Stiedemann,Lois Stiedemann,christelle34@example.com,password
Prof. Jerel Nader DVM,Prof. Jerel Nader DVM,laura.donnelly@example.com,password
Chanelle Morissette,Chanelle Morissette,joey67@example.com,password
Elvera Oberbrunner I,Elvera Oberbrunner I,orodriguez@example.com,password
Joshuah Bruen,Joshuah Bruen,berenice.olson@example.net,password
Colton Block,Colton Block,arne.bauch@example.net,password
Deborah Kerluke,Deborah Kerluke,cornell91@example.org,password
Miss Viviane Conn MD,Miss Viviane Conn MD,ron62@example.net,password
Calista Gerhold,Calista Gerhold,abalistreri@example.org,password
Prof. Ruth Hickle,Prof. Ruth Hickle,marcelina20@example.net,password
Judd Satterfield,Judd Satterfield,tina.pacocha@example.com,password
Timothy Jaskolski,Timothy Jaskolski,jairo.medhurst@example.net,password
Dr. Thalia Heathcote IV,Dr. Thalia Heathcote IV,jess.zieme@example.net,password
Pauline Corwin,Pauline Corwin,shields.tyson@example.com,password
Leatha Rogahn,Leatha Rogahn,becker.estell@example.net,password
Agustin Hettinger,Agustin Hettinger,rkris@example.org,password
Icie Veum V,Icie Veum V,ciara14@example.net,password
Carolanne Bechtelar,Carolanne Bechtelar,boyd29@example.org,password
Marlene Ziemann,Marlene Ziemann,judd.willms@example.net,password
Theron Bogisich,Theron Bogisich,fmitchell@example.net,password
Prof. Kelsi McGlynn Sr.,Prof. Kelsi McGlynn Sr.,pwilkinson@example.net,password
Charles Jacobson,Charles Jacobson,savannah19@example.net,password
Mr. Golden Leuschke,Mr. Golden Leuschke,lwalker@example.net,password
Fernando Wolff,Fernando Wolff,makenna33@example.org,password
Elmer Botsford,Elmer Botsford,esperanza29@example.com,password
Mariam Heaney PhD,Mariam Heaney PhD,jevon.kovacek@example.org,password
Mrs. Eryn Toy,Mrs. Eryn Toy,anabelle76@example.com,password
Prof. Jaron Weissnat,Prof. Jaron Weissnat,devyn64@example.org,password
Buddy Raynor,Buddy Raynor,hhegmann@example.net,password
Ms. Arvilla Larson MD,Ms. Arvilla Larson MD,macey80@example.net,password
Gregory McGlynn,Gregory McGlynn,lswaniawski@example.org,password
Jadon Dicki,Jadon Dicki,zheaney@example.com,password
Idella Stiedemann,Idella Stiedemann,juvenal97@example.com,password
Ms. Nya Jaskolski,Ms. Nya Jaskolski,jodie20@example.net,password
Avis Kuhic,Avis Kuhic,vblick@example.com,password
Miss Dorris Langworth V,Miss Dorris Langworth V,fabbott@example.com,password
Daphne White,Daphne White,mcglynn.eldora@example.org,password
Lavina Sanford III,Lavina Sanford III,pamela.wunsch@example.org,password
Kennedy Osinski,Kennedy Osinski,juliana.powlowski@example.org,password
Vernie Doyle IV,Vernie Doyle IV,zita73@example.org,password
Maurice Wisozk,Maurice Wisozk,russel.catalina@example.net,password
Marcus Senger,Marcus Senger,marlee80@example.net,password
Prof. Van Jaskolski Sr.,Prof. Van Jaskolski Sr.,waelchi.leone@example.org,password
Mrs. Maggie Hirthe V,Mrs. Maggie Hirthe V,kimberly.jenkins@example.net,password
Miss Meggie Hackett,Miss Meggie Hackett,juliet37@example.com,password
Mrs. Karianne Gleichner MD,Mrs. Karianne Gleichner MD,ladarius.oberbrunner@example.org,password
Jessika Bechtelar IV,Jessika Bechtelar IV,michelle.douglas@example.com,password
Aric Wiza DDS,Aric Wiza DDS,lkshlerin@example.net,password
Prof. Gabriella Thiel MD,Prof. Gabriella Thiel MD,zkirlin@example.com,password
Earlene Smitham,Earlene Smitham,emma.lind@example.org,password
Prof. Idell Reichel,Prof. Idell Reichel,bernier.jayme@example.net,password
Angela Emard,Angela Emard,curtis95@example.org,password
Miracle Streich,Miracle Streich,zoey.conroy@example.com,password
Marjory Volkman,Marjory Volkman,trenton05@example.net,password
Prof. Eva Erdman,Prof. Eva Erdman,randi.krajcik@example.com,password
Ms. Athena Daniel,Ms. Athena Daniel,karli.gorczany@example.com,password
Adelle Hirthe,Adelle Hirthe,runte.caroline@example.com,password
Mr. Jamison Hammes,Mr. Jamison Hammes,znienow@example.org,password
Mr. Tracey Carter V,Mr. Tracey Carter V,laverne.gleichner@example.net,password
Charlene Runte,Charlene Runte,bailee.fay@example.com,password
Janessa Gleichner PhD,Janessa Gleichner PhD,gregorio85@example.org,password
Buck Dicki III,Buck Dicki III,lulu.kertzmann@example.com,password
Bryon Trantow I,Bryon Trantow I,kris99@example.org,password
Florine Hickle,Florine Hickle,estefania19@example.net,password
Miles Weissnat,Miles Weissnat,ethyl.aufderhar@example.net,password
Ms. Rosalind Lehner,Ms. Rosalind Lehner,rodriguez.tanner@example.net,password
Esta Gislason,Esta Gislason,hansen.clotilde@example.com,password
Caesar Stoltenberg,Caesar Stoltenberg,beatty.maryse@example.net,password
Jarred Reichert,Jarred Reichert,estrella34@example.org,password
Karolann Huel,Karolann Huel,kschmidt@example.com,password
Dr. Johnnie Homenick,Dr. Johnnie Homenick,yprice@example.com,password
Luna Von,Luna Von,fahey.sandy@example.com,password
Ms. Eloise Bailey II,Ms. Eloise Bailey II,fkoss@example.com,password
Coleman Schmeler,Coleman Schmeler,satterfield.armando@example.com,password
Miss Earlene Kovacek Sr.,Miss Earlene Kovacek Sr.,danyka97@example.com,password
Mrs. Jeanette Hartmann,Mrs. Jeanette Hartmann,cparisian@example.com,password
Prof. Jaiden Hettinger I,Prof. Jaiden Hettinger I,jwehner@example.net,password
Dr. Phyllis Bernier,Dr. Phyllis Bernier,karina.kirlin@example.org,password
Kiara Kling,Kiara Kling,xjohns@example.com,password
Ernie Koepp IV,Ernie Koepp IV,steuber.isadore@example.com,password
Howell Brakus,Howell Brakus,enrico04@example.org,password
Malika Klein,Malika Klein,konopelski.leonardo@example.net,password
Karley Ritchie,Karley Ritchie,zoe.lueilwitz@example.org,password
Tyrell Farrell,Tyrell Farrell,rlindgren@example.net,password
Gay Mills II,Gay Mills II,drodriguez@example.net,password
Prof. Leilani Boyer,Prof. Leilani Boyer,liliane.hammes@example.net,password
Dana Schaden,Dana Schaden,dach.foster@example.org,password
Rosendo Homenick,Rosendo Homenick,gilberto.buckridge@example.net,password
Lina Becker DDS,Lina Becker DDS,langworth.susie@example.net,password
Thomas Johnston,Thomas Johnston,willy64@example.net,password
Jacklyn Orn,Jacklyn Orn,xreilly@example.org,password
Everette Shields,Everette Shields,bobby81@example.net,password
Prof. Ashly Veum DDS,Prof. Ashly Veum DDS,curtis35@example.com,password
Nichole Bartell,Nichole Bartell,rweber@example.com,password
Vivien Kulas,Vivien Kulas,okoepp@example.com,password
Prof. Ted Herman DDS,Prof. Ted Herman DDS,qmedhurst@example.net,password
Arnoldo Schumm,Arnoldo Schumm,giuseppe52@example.net,password
Prof. Sherwood Johnson,Prof. Sherwood Johnson,hilario44@example.org,password
Meghan Schamberger,Meghan Schamberger,kareem22@example.com,password
Mossie Abernathy,Mossie Abernathy,camila46@example.com,password
Ms. Augustine Hartmann,Ms. Augustine Hartmann,parker.johanna@example.org,password
Leo Lynch,Leo Lynch,boyle.muriel@example.com,password
Adan Ankunding III,Adan Ankunding III,terry.darlene@example.org,password
Ari Pacocha,Ari Pacocha,dweimann@example.com,password
Prof. Skylar Schamberger II,Prof. Skylar Schamberger II,gretchen.skiles@example.com,password
Eli Ward V,Eli Ward V,kamille.ondricka@example.org,password
Rosendo Bashirian IV,Rosendo Bashirian IV,velva45@example.net,password
Jedediah Kemmer MD,Jedediah Kemmer MD,olesch@example.net,password
Lonnie Turner,Lonnie Turner,shaylee00@example.net,password
Jarrett Brown,Jarrett Brown,simonis.rosetta@example.org,password
Alberto McGlynn,Alberto McGlynn,michelle.schinner@example.net,password
Mrs. Belle Mante DDS,Mrs. Belle Mante DDS,ewell.rippin@example.org,password
Edward Boehm,Edward Boehm,williamson.duane@example.org,password
Mr. Kolby Huels,Mr. Kolby Huels,erik.reilly@example.net,password
Prof. Dahlia Glover Jr.,Prof. Dahlia Glover Jr.,marty85@example.net,password
Muhammad Rempel,Muhammad Rempel,batz.lavina@example.com,password
Dr. Wyatt Jerde,Dr. Wyatt Jerde,yost.armando@example.com,password
Connor Cremin,Connor Cremin,giles.thiel@example.com,password
Mr. Demarcus Buckridge DVM,Mr. Demarcus Buckridge DVM,iconnelly@example.com,password
Kamron Strosin,Kamron Strosin,cara.bartoletti@example.net,password
Emmanuel Bergstrom,Emmanuel Bergstrom,uschiller@example.net,password
Verdie Mayer,Verdie Mayer,mayer.robbie@example.com,password
Lamont Johnston,Lamont Johnston,macejkovic.sheldon@example.net,password
Madyson Dietrich,Madyson Dietrich,nmedhurst@example.org,password
Edmond Shanahan,Edmond Shanahan,loma61@example.org,password
Miss Wilma Prosacco PhD,Miss Wilma Prosacco PhD,ramona.windler@example.org,password
Lorenza McClure,Lorenza McClure,fisher.favian@example.org,password
Leatha Hilpert II,Leatha Hilpert II,arden.buckridge@example.net,password
Deanna White,Deanna White,alvah.schroeder@example.net,password
Meagan Weber,Meagan Weber,ezulauf@example.net,password
Miss Jayda Ebert V,Miss Jayda Ebert V,vivien16@example.org,password
Derrick Heidenreich,Derrick Heidenreich,nspinka@example.com,password
Prof. Riley Christiansen DDS,Prof. Riley Christiansen DDS,lillian.carroll@example.org,password
Mateo Abbott,Mateo Abbott,gorczany.karina@example.net,password
Kareem Hyatt Sr.,Kareem Hyatt Sr.,pspencer@example.net,password
Hassan Dooley,Hassan Dooley,hrath@example.net,password
Aniya Gulgowski,Aniya Gulgowski,carson38@example.com,password
Jules O'Reilly,Jules O'Reilly,weimann.dahlia@example.org,password
Mr. Efrain Goodwin,Mr. Efrain Goodwin,eorn@example.net,password
Mrs. Wendy Bogan,Mrs. Wendy Bogan,xnienow@example.net,password
Dr. Dasia Nicolas,Dr. Dasia Nicolas,cflatley@example.com,password
Nicole Gusikowski PhD,Nicole Gusikowski PhD,wyman.franco@example.com,password
Dr. Jayne O'Keefe,Dr. Jayne O'Keefe,tmertz@example.com,password
Murphy Mayert Sr.,Murphy Mayert Sr.,rwillms@example.org,password
Dr. Genoveva Swift,Dr. Genoveva Swift,leuschke.jamarcus@example.net,password
Pablo Mayert,Pablo Mayert,kiehn.sophia@example.net,password
Jerome Lindgren,Jerome Lindgren,hyatt.rachel@example.com,password
Ezequiel Miller II,Ezequiel Miller II,rosenbaum.nickolas@example.org,password
Conor Oberbrunner V,Conor Oberbrunner V,christa.ullrich@example.com,password
Carlee Beahan,Carlee Beahan,loren.kovacek@example.net,password
Dr. Marina Hartmann,Dr. Marina Hartmann,ileuschke@example.net,password
Milan Connelly,Milan Connelly,ischowalter@example.net,password
Ms. Joyce Moore MD,Ms. Joyce Moore MD,gerdman@example.net,password
Erich Grimes,Erich Grimes,theo48@example.org,password
Orie Ledner,Orie Ledner,destiney45@example.com,password
Soledad Hyatt,Soledad Hyatt,wblanda@example.com,password
Dr. Gerry Harber DDS,Dr. Gerry Harber DDS,ratke.eloisa@example.com,password
Rogelio Roob,Rogelio Roob,rod.haag@example.net,password
Jordon Kunze,Jordon Kunze,omueller@example.org,password
Wilhelm Wiza,Wilhelm Wiza,qweimann@example.org,password
Prof. Ronny Davis IV,Prof. Ronny Davis IV,rgorczany@example.org,password
Brisa Hammes,Brisa Hammes,bosinski@example.com,password
Prof. Enid Cronin,Prof. Enid Cronin,wilderman.alexane@example.net,password
Lee Gislason,Lee Gislason,furman26@example.com,password
Maya Corwin,Maya Corwin,pamela76@example.com,password
Claudie Hayes,Claudie Hayes,pheller@example.net,password
Prof. Tomas Schroeder,Prof. Tomas Schroeder,sarai.kihn@example.net,password
Cheyenne Wyman,Cheyenne Wyman,lysanne97@example.org,password
Louvenia Bauch DDS,Louvenia Bauch DDS,vmacejkovic@example.com,password
Richard Klocko,Richard Klocko,rhea.zboncak@example.com,password
Asa O'Connell,Asa O'Connell,keebler.nathanial@example.org,password
Gussie Hettinger Jr.,Gussie Hettinger Jr.,quigley.marlen@example.org,password
Prof. Emerson Bernhard V,Prof. Emerson Bernhard V,volkman.era@example.com,password
Ignatius Roob,Ignatius Roob,benedict.wintheiser@example.com,password
Eunice Stroman,Eunice Stroman,glesch@example.net,password
Cierra Dibbert,Cierra Dibbert,ptowne@example.com,password
Virginia Ratke,Virginia Ratke,roderick.miller@example.net,password
Bettye Collins,Bettye Collins,noemy25@example.net,password
Mr. Eriberto Kshlerin,Mr. Eriberto Kshlerin,asa22@example.net,password
Cleveland Farrell,Cleveland Farrell,qanderson@example.org,password
Prof. Abdul Kihn,Prof. Abdul Kihn,abel.hudson@example.org,password
Dr. Amara Schroeder IV,Dr. Amara Schroeder IV,stacy04@example.org,password
Raquel Leannon,Raquel Leannon,sammie.hagenes@example.net,password
Miss Liza Reinger DVM,Miss Liza Reinger DVM,deion94@example.org,password
Adaline Volkman,Adaline Volkman,ari.anderson@example.com,password
Shyann Heller,Shyann Heller,oterry@example.com,password
Kaya Mante,Kaya Mante,kylie.wisozk@example.org,password
Mrs. Susana Mosciski V,Mrs. Susana Mosciski V,susana56@example.net,password
Micaela Rempel,Micaela Rempel,reese.jast@example.net,password
Fausto Carroll,Fausto Carroll,izabella.auer@example.org,password
Vidal Greenholt,Vidal Greenholt,araceli69@example.com,password
Drew Rodriguez,Drew Rodriguez,schmeler.payton@example.net,password
Ervin Halvorson,Ervin Halvorson,crooks.lorine@example.net,password
Prof. Jaylin Spinka PhD,Prof. Jaylin Spinka PhD,emerald96@example.org,password
Prof. Erwin Weimann,Prof. Erwin Weimann,ted.ziemann@example.com,password
Teresa Dare,Teresa Dare,yspencer@example.net,password
Dangelo McDermott,Dangelo McDermott,lynn.thiel@example.org,password
Jena Heathcote,Jena Heathcote,corkery.patrick@example.com,password
Domenic Nolan,Domenic Nolan,collier.eveline@example.com,password
Samir Durgan,Samir Durgan,sbashirian@example.com,password
Sylvan Smitham,Sylvan Smitham,orin73@example.com,password
Tate Cole,Tate Cole,gfarrell@example.org,password
Kiana Cartwright,Kiana Cartwright,stokes.elyse@example.org,password
Esperanza Lesch,Esperanza Lesch,elody34@example.net,password
Benny Treutel,Benny Treutel,jarred.sanford@example.net,password
Juston Hegmann,Juston Hegmann,tweimann@example.com,password
Prof. Jamarcus Larson IV,Prof. Jamarcus Larson IV,zita.schaefer@example.com,password
Julio Schultz,Julio Schultz,dolly.herman@example.com,password
Dr. Beverly Larkin I,Dr. Beverly Larkin I,stamm.connie@example.org,password
Alysha Lueilwitz,Alysha Lueilwitz,bogisich.frederik@example.org,password
Emely Von,Emely Von,tevin.fritsch@example.com,password
Harvey Herzog PhD,Harvey Herzog PhD,adam.walker@example.com,password
Hiram Satterfield,Hiram Satterfield,aron.zemlak@example.org,password
Brant Mante,Brant Mante,strosin.grayson@example.com,password
Asa Smitham,Asa Smitham,stacey.lynch@example.net,password
Prof. Giuseppe Zieme,Prof. Giuseppe Zieme,ekerluke@example.com,password
Travis Tillman,Travis Tillman,rafael25@example.com,password
Courtney Hill,Courtney Hill,gbeer@example.net,password
Serenity Ruecker,Serenity Ruecker,rylee.mcdermott@example.net,password
Beryl Wolff,Beryl Wolff,cornell.braun@example.com,password
Tristian Kuhn,Tristian Kuhn,thompson.alvis@example.net,password
Vince Senger,Vince Senger,rschneider@example.com,password
Lucienne Wolff,Lucienne Wolff,schiller.donnie@example.com,password
Dr. Marlin Kling,Dr. Marlin Kling,gstokes@example.com,password
Glenna Boehm III,Glenna Boehm III,evans.hartmann@example.org,password
Dusty Kshlerin Sr.,Dusty Kshlerin Sr.,elenora55@example.com,password
Isaac Swaniawski,Isaac Swaniawski,vandervort.nestor@example.com,password
Godfrey Steuber,Godfrey Steuber,kiehn.aracely@example.com,password
Ferne Senger,Ferne Senger,qhane@example.org,password
Margot Torphy,Margot Torphy,daugherty.bryce@example.com,password
Hellen White I,Hellen White I,avery82@example.net,password
Minnie VonRueden,Minnie VonRueden,lilian86@example.com,password
Dr. Adolfo Zboncak,Dr. Adolfo Zboncak,bashirian.isabella@example.org,password
Christelle Kshlerin,Christelle Kshlerin,bferry@example.org,password
Ramiro Gaylord,Ramiro Gaylord,jacobs.regan@example.net,password
Garnett Koss,Garnett Koss,dewitt15@example.com,password
Mr. Noah Kuhic,Mr. Noah Kuhic,retha.wuckert@example.org,password
Dianna Bosco II,Dianna Bosco II,rherzog@example.net,password
Eladio Morissette,Eladio Morissette,pamela75@example.org,password
Julio Zulauf,Julio Zulauf,ubaldo98@example.org,password
Ms. Josefina Beer,Ms. Josefina Beer,miller36@example.com,password
Bethany Jones,Bethany Jones,bchamplin@example.com,password
Lempi Stracke,Lempi Stracke,zmurphy@example.net,password
Madaline McLaughlin V,Madaline McLaughlin V,gerlach.courtney@example.com,password
Myron Rogahn,Myron Rogahn,vmoen@example.com,password
Marietta Boehm,Marietta Boehm,amari.ratke@example.com,password
Justus Witting,Justus Witting,gwilkinson@example.com,password
Prof. Quinton Bogan,Prof. Quinton Bogan,jason.wilderman@example.org,password
Kieran Stoltenberg,Kieran Stoltenberg,orrin83@example.org,password
Ronaldo Kihn,Ronaldo Kihn,hiram21@example.net,password
Major Herzog I,Major Herzog I,homenick.brent@example.net,password
Kayden Legros III,Kayden Legros III,huels.kelsie@example.org,password
Mrs. Magnolia O'Conner,Mrs. Magnolia O'Conner,hyman36@example.net,password
Earl Howell,Earl Howell,frankie.reichert@example.net,password
Alda Cummings Jr.,Alda Cummings Jr.,reymundo33@example.org,password
Lindsay Hammes,Lindsay Hammes,ohammes@example.com,password
Darren Hoeger,Darren Hoeger,weldon.abernathy@example.net,password
Jaime Senger,Jaime Senger,keshawn.koepp@example.net,password
Lauryn Kilback,Lauryn Kilback,treynolds@example.org,password
Ms. Lauren Cummerata PhD,Ms. Lauren Cummerata PhD,apfannerstill@example.org,password
Sheridan Wehner,Sheridan Wehner,kshlerin.abbey@example.org,password
Lexi Gusikowski MD,Lexi Gusikowski MD,nelle16@example.net,password
Florida Leuschke,Florida Leuschke,senger.helga@example.com,password
Ciara Schumm II,Ciara Schumm II,lcollins@example.net,password
Rashawn Kreiger V,Rashawn Kreiger V,armstrong.loyce@example.com,password
Ms. Noemie Cremin,Ms. Noemie Cremin,kaylah.fay@example.com,password
Mr. Herminio Fadel MD,Mr. Herminio Fadel MD,tmorissette@example.org,password
Clifford Senger V,Clifford Senger V,tcartwright@example.org,password
Rhiannon Christiansen,Rhiannon Christiansen,leora63@example.org,password
Dulce Schmidt,Dulce Schmidt,coralie.orn@example.net,password
Onie Schiller,Onie Schiller,mertie65@example.org,password
Olaf Cremin,Olaf Cremin,juwan.conn@example.com,password
Sophie Swift,Sophie Swift,ruth85@example.com,password
Nayeli Hartmann,Nayeli Hartmann,dare.cordelia@example.net,password
Ruben Pfannerstill,Ruben Pfannerstill,dwiza@example.org,password
Dr. Tianna Osinski Sr.,Dr. Tianna Osinski Sr.,swaniawski.rosalee@example.net,password
Eleanora McDermott,Eleanora McDermott,crist.jordane@example.org,password
Shany Walker,Shany Walker,dustin.huels@example.net,password
Dr. Violette Marvin Jr.,Dr. Violette Marvin Jr.,vreinger@example.net,password
Prof. Christ Reynolds III,Prof. Christ Reynolds III,bleannon@example.org,password
Megane Erdman,Megane Erdman,kuvalis.misty@example.org,password
Prof. Omari Marquardt II,Prof. Omari Marquardt II,naomie.oconner@example.com,password
Craig Rice III,Craig Rice III,gay28@example.org,password
Prof. Myrtie Rohan Jr.,Prof. Myrtie Rohan Jr.,wzboncak@example.com,password
Justus Sporer,Justus Sporer,amelie.boehm@example.com,password
Prof. Branson Orn,Prof. Branson Orn,steuber.marina@example.org,password
Mr. Santino Hartmann Jr.,Mr. Santino Hartmann Jr.,allie20@example.net,password
Mr. Brain Hettinger,Mr. Brain Hettinger,tillman.shea@example.net,password
Prof. Carlos Davis,Prof. Carlos Davis,dee34@example.com,password
Alanna Ruecker,Alanna Ruecker,adalberto70@example.net,password
Miss Kamille Rempel,Miss Kamille Rempel,shany96@example.net,password
Alisha Reilly,Alisha Reilly,jerald63@example.net,password
Ladarius Gulgowski,Ladarius Gulgowski,leopold.oconnell@example.org,password
Prof. Lou Klocko II,Prof. Lou Klocko II,mosciski.lizeth@example.com,password
Dr. Wilma Lubowitz Sr.,Dr. Wilma Lubowitz Sr.,uweber@example.com,password
Kiera Goyette,Kiera Goyette,reinhold91@example.net,password
Malinda Rogahn,Malinda Rogahn,pleuschke@example.org,password
Elaina Schneider,Elaina Schneider,bmayer@example.net,password
Dr. Luisa Hirthe,Dr. Luisa Hirthe,wiegand.ashton@example.com,password
Eloise Flatley,Eloise Flatley,rhett.tremblay@example.com,password
Dr. Nat Runolfsdottir MD,Dr. Nat Runolfsdottir MD,brennon.maggio@example.org,password
Allene Stroman,Allene Stroman,gennaro68@example.net,password
Geoffrey Powlowski,Geoffrey Powlowski,beahan.cameron@example.com,password
Miss Maud Frami I,Miss Maud Frami I,fbradtke@example.net,password
Jaydon Larkin,Jaydon Larkin,ferry.lucas@example.org,password
Noemie Bednar,Noemie Bednar,osimonis@example.net,password
Keenan Turcotte,Keenan Turcotte,kayley35@example.org,password
Zelda Gaylord,Zelda Gaylord,kelly10@example.com,password
Clinton Beahan,Clinton Beahan,yweber@example.org,password
Madelynn Schroeder,Madelynn Schroeder,nat43@example.com,password
Stephon Steuber,Stephon Steuber,crystal.stokes@example.com,password
Adell Schaefer,Adell Schaefer,tara.bahringer@example.org,password
Colton Stamm,Colton Stamm,kristopher.kulas@example.com,password
Dr. Queenie Hauck DVM,Dr. Queenie Hauck DVM,hettinger.kaylee@example.com,password
Mozelle Stamm,Mozelle Stamm,bergnaum.gianni@example.net,password
Prof. Dariana Rosenbaum II,Prof. Dariana Rosenbaum II,bweber@example.org,password
Della Gutkowski,Della Gutkowski,mitchel22@example.org,password
Leopold Okuneva,Leopold Okuneva,marielle91@example.org,password
Priscilla Johns,Priscilla Johns,ohara.felton@example.net,password
Karianne Bailey,Karianne Bailey,isaiah09@example.org,password
Tre Nicolas DDS,Tre Nicolas DDS,gvon@example.org,password
Donavon Koss III,Donavon Koss III,mackenzie94@example.net,password
Prof. Michale Walter,Prof. Michale Walter,steve.turner@example.org,password
Dr. Charlie Stiedemann,Dr. Charlie Stiedemann,abbey51@example.net,password
Anissa Konopelski,Anissa Konopelski,ulises23@example.org,password
Lillie Lowe,Lillie Lowe,wilma.kunde@example.com,password
Micaela Hammes,Micaela Hammes,cassin.nellie@example.com,password
Ms. Mellie Murazik,Ms. Mellie Murazik,stoltenberg.christine@example.com,password
Mrs. Mertie Goyette,Mrs. Mertie Goyette,lavon.crooks@example.org,password
Abraham Connelly,Abraham Connelly,rocky.reilly@example.com,password
Prof. Lucinda D'Amore V,Prof. Lucinda D'Amore V,tlueilwitz@example.net,password
Maud Ward,Maud Ward,koepp.grayce@example.org,password
Casandra Ortiz,Casandra Ortiz,ashtyn10@example.org,password
Travon Ebert,Travon Ebert,schneider.boris@example.com,password
Burdette Nolan,Burdette Nolan,lincoln80@example.net,password
Mabelle Wisozk,Mabelle Wisozk,czieme@example.com,password
Mariah Hand,Mariah Hand,alfonso22@example.org,password
Prof. Eryn Hayes MD,Prof. Eryn Hayes MD,liliana.johnston@example.org,password
Mr. Nathanial Jakubowski IV,Mr. Nathanial Jakubowski IV,windler.kristoffer@example.org,password
Zelma McGlynn,Zelma McGlynn,kamille60@example.net,password
Name DuBuque I,Name DuBuque I,mstanton@example.com,password
Hardy Graham,Hardy Graham,kunze.aiyana@example.net,password
Otto Treutel,Otto Treutel,gust90@example.org,password
Wilber Dietrich,Wilber Dietrich,gilda.zieme@example.org,password
Nickolas Yundt,Nickolas Yundt,anastacio38@example.net,password
Jerald Reilly,Jerald Reilly,brandi44@example.org,password
Bradford Hyatt,Bradford Hyatt,ykonopelski@example.com,password
Derek Shields,Derek Shields,sally.cormier@example.net,password
Mr. Wallace Barrows Jr.,Mr. Wallace Barrows Jr.,toy.jon@example.net,password
Maybell Terry,Maybell Terry,llemke@example.org,password
Jany Labadie,Jany Labadie,kelli.shanahan@example.net,password
Dr. Antwan Hoeger,Dr. Antwan Hoeger,marcos43@example.com,password
Joseph Armstrong,Joseph Armstrong,hhill@example.com,password
Dr. Camden Murray,Dr. Camden Murray,hildegard99@example.org,password
Dannie Veum,Dannie Veum,ubergstrom@example.net,password
Libby O'Hara,Libby O'Hara,hirthe.grant@example.org,password
Adaline Champlin,Adaline Champlin,mdurgan@example.org,password
Dr. Adrian Mosciski V,Dr. Adrian Mosciski V,swift.reyna@example.org,password
Fermin Jacobi,Fermin Jacobi,qabernathy@example.org,password
Stephany Gutmann,Stephany Gutmann,precious06@example.net,password
Lyla Weber,Lyla Weber,mckenzie.lela@example.net,password
Domenico Reichel,Domenico Reichel,dickinson.ceasar@example.org,password
Kane Langworth,Kane Langworth,morar.kenny@example.net,password
Jarvis Stanton,Jarvis Stanton,qsmitham@example.com,password
Isabel Wuckert,Isabel Wuckert,hayley.mante@example.net,password
Bella Harris,Bella Harris,elsie.beatty@example.net,password
Van Kris,Van Kris,trever.swaniawski@example.org,password
Justine Klocko,Justine Klocko,doyle44@example.org,password
Miss Leila Franecki III,Miss Leila Franecki III,nola80@example.com,password
Miss Mazie Rodriguez,Miss Mazie Rodriguez,hkub@example.org,password
Fernando Nicolas,Fernando Nicolas,keebler.steve@example.com,password
Leopoldo Homenick,Leopoldo Homenick,kattie59@example.org,password
Jarrell Ondricka PhD,Jarrell Ondricka PhD,evert.cummerata@example.com,password
Joyce Mann,Joyce Mann,minnie.auer@example.com,password
Heath Metz,Heath Metz,herman.mellie@example.net,password
Jalen Breitenberg,Jalen Breitenberg,hamill.hilda@example.com,password
Laila Ankunding,Laila Ankunding,bridie73@example.com,password
Bobbie Eichmann PhD,Bobbie Eichmann PhD,hlemke@example.net,password
Keenan Rau,Keenan Rau,rashawn.waelchi@example.net,password
Olen Towne,Olen Towne,flavie.wuckert@example.com,password
Dr. Heaven Purdy,Dr. Heaven Purdy,brent.doyle@example.com,password
Heloise Cronin,Heloise Cronin,reichert.kayli@example.net,password
Dayna Brakus,Dayna Brakus,abbigail.pfannerstill@example.com,password
Theodora Weber,Theodora Weber,mkuvalis@example.org,password
Heaven Hand DDS,Heaven Hand DDS,nick67@example.com,password
Justina Pfeffer,Justina Pfeffer,eliza07@example.net,password
Maci Murphy V,Maci Murphy V,ashtyn.bednar@example.net,password
Abby Glover,Abby Glover,xbogisich@example.org,password
Mr. Manuel Armstrong IV,Mr. Manuel Armstrong IV,rey63@example.com,password
Lila Walter,Lila Walter,linda64@example.com,password
Miss Dena Macejkovic MD,Miss Dena Macejkovic MD,ledner.milton@example.net,password
Ariane Howell,Ariane Howell,maryam.shanahan@example.com,password
Jaclyn Hahn,Jaclyn Hahn,wiegand.golda@example.net,password
Dr. Kali Wisozk PhD,Dr. Kali Wisozk PhD,becker.eldora@example.com,password
Mr. Clement Stokes,Mr. Clement Stokes,monte12@example.com,password
Jean Halvorson,Jean Halvorson,jordyn.kerluke@example.com,password
Romaine Adams,Romaine Adams,hessel.nathaniel@example.org,password
Saul Emmerich,Saul Emmerich,stacy34@example.org,password
Orland Spinka,Orland Spinka,tobin21@example.net,password
Mr. Jonas Wunsch Sr.,Mr. Jonas Wunsch Sr.,eldred.ratke@example.org,password
Alanis Schmitt,Alanis Schmitt,wwolf@example.net,password
Quinten Braun MD,Quinten Braun MD,wilton27@example.com,password
Prof. Dustin Little DDS,Prof. Dustin Little DDS,zsmith@example.com,password
Claud Schowalter,Claud Schowalter,elmore.sporer@example.com,password
Christelle Legros,Christelle Legros,cjones@example.com,password
Elijah Altenwerth,Elijah Altenwerth,shields.laisha@example.org,password
Dr. David Herman,Dr. David Herman,ggutmann@example.net,password
Bethel Waelchi,Bethel Waelchi,dereck80@example.com,password
Nola Bergnaum,Nola Bergnaum,ewunsch@example.org,password
Chase Feil,Chase Feil,koelpin.roslyn@example.net,password
Roosevelt Gusikowski,Roosevelt Gusikowski,bryon46@example.net,password
Savion Batz,Savion Batz,harris.skylar@example.com,password
Elinore Gottlieb IV,Elinore Gottlieb IV,torp.zelma@example.org,password
Rosalee Skiles,Rosalee Skiles,gerard76@example.com,password
Haylie Hilpert II,Haylie Hilpert II,borer.jay@example.org,password
Luz Kertzmann DDS,Luz Kertzmann DDS,viva72@example.org,password
Prof. Ryann Kuphal III,Prof. Ryann Kuphal III,tcollins@example.org,password
Prof. Randy Quigley,Prof. Randy Quigley,christine09@example.net,password
Franz Pouros,Franz Pouros,kemmer.efren@example.net,password
Humberto Buckridge,Humberto Buckridge,nat.smith@example.net,password
Charlie Medhurst,Charlie Medhurst,donnell.beer@example.org,password
Kyler Metz,Kyler Metz,ydaugherty@example.org,password
Rosalinda Ward,Rosalinda Ward,pfannerstill.alison@example.org,password
Nigel Collins,Nigel Collins,newell.macejkovic@example.com,password
Dorothy Brekke,Dorothy Brekke,arnulfo36@example.net,password
Mr. Olen VonRueden V,Mr. Olen VonRueden V,cecil20@example.com,password
Dr. Marcelo Barrows,Dr. Marcelo Barrows,bayer.allie@example.net,password
Giovanny Swift,Giovanny Swift,angelita68@example.net,password
Kirstin Veum,Kirstin Veum,acormier@example.net,password
Torey Toy,Torey Toy,lisa45@example.com,password
Ryleigh Lynch,Ryleigh Lynch,mcclure.hector@example.net,password
Dr. Stuart Brakus,Dr. Stuart Brakus,arturo42@example.com,password
Mathew Gulgowski,Mathew Gulgowski,velva74@example.org,password
Prof. Zula Eichmann PhD,Prof. Zula Eichmann PhD,jess.hickle@example.org,password
Lincoln Walsh,Lincoln Walsh,stiedemann.maida@example.com,password
Jana Bednar,Jana Bednar,turner.emmitt@example.com,password
Dejuan Pouros,Dejuan Pouros,schmitt.tyrell@example.org,password
Dr. Virgil Zboncak II,Dr. Virgil Zboncak II,blick.domenic@example.org,password
Santina McGlynn,Santina McGlynn,predovic.maximus@example.org,password
Xzavier Welch,Xzavier Welch,walter.konopelski@example.com,password
Prof. Milton Kuphal Sr.,Prof. Milton Kuphal Sr.,kelley.konopelski@example.org,password
Giovanna Nolan,Giovanna Nolan,adamore@example.net,password
Vidal Ziemann,Vidal Ziemann,ryley37@example.net,password
Ms. Lyda Huels,Ms. Lyda Huels,dhand@example.com,password
Donna Schuppe,Donna Schuppe,hansen.spencer@example.net,password
Prof. Roscoe Dicki II,Prof. Roscoe Dicki II,toy.denis@example.org,password
Renee Fadel,Renee Fadel,phoebe.stroman@example.org,password
Dr. Everardo Gaylord,Dr. Everardo Gaylord,awiza@example.net,password
Ova Grimes,Ova Grimes,hintz.keyshawn@example.org,password
Jalyn Koch,Jalyn Koch,nlindgren@example.com,password
Jefferey Cassin,Jefferey Cassin,clemens.bergnaum@example.com,password
Magnolia Dietrich PhD,Magnolia Dietrich PhD,selmer.von@example.net,password
Delphine Haag,Delphine Haag,zhartmann@example.net,password
Rosalee Carroll,Rosalee Carroll,hansen.marilyne@example.org,password
Mr. Caesar Jacobs Jr.,Mr. Caesar Jacobs Jr.,melyssa.kuhlman@example.org,password
Adella Labadie,Adella Labadie,jlangworth@example.com,password
Derek Upton II,Derek Upton II,katelyn50@example.org,password
Mr. Jeremie Connelly MD,Mr. Jeremie Connelly MD,kuhn.marco@example.net,password
Kristina Hagenes,Kristina Hagenes,emmanuel80@example.net,password
Ms. Maiya Rippin,Ms. Maiya Rippin,adrianna.kuphal@example.com,password
Gayle Pagac,Gayle Pagac,reggie.beer@example.net,password
Dr. Annabell Stroman PhD,Dr. Annabell Stroman PhD,albertha.harber@example.org,password
Agustina Watsica,Agustina Watsica,hal84@example.com,password
Mr. Noe Kunze V,Mr. Noe Kunze V,katelyn23@example.net,password
Nikko Baumbach,Nikko Baumbach,nelda82@example.com,password
Dr. Leta Vandervort,Dr. Leta Vandervort,paolo12@example.net,password
Prof. Queenie Beahan,Prof. Queenie Beahan,haylie47@example.org,password
Mrs. Jany Conn IV,Mrs. Jany Conn IV,opal68@example.com,password
Benton Pfannerstill,Benton Pfannerstill,justus.hirthe@example.com,password
Miss Margaretta Renner I,Miss Margaretta Renner I,arch.kuphal@example.com,password
Mrs. Patsy Mante,Mrs. Patsy Mante,leonora01@example.org,password
Burley Padberg,Burley Padberg,wilhelm34@example.com,password
Kianna Smitham IV,Kianna Smitham IV,heaney.johnpaul@example.net,password
Kenna Balistreri,Kenna Balistreri,kayden17@example.net,password
Elyse Bashirian,Elyse Bashirian,agerhold@example.net,password
Erika Dach,Erika Dach,jacobi.rebecca@example.com,password
Dr. Dovie Becker V,Dr. Dovie Becker V,ruby.pfannerstill@example.org,password
General Legros,General Legros,heather09@example.com,password
Glennie Haag,Glennie Haag,ucartwright@example.org,password
Abdiel Jenkins,Abdiel Jenkins,ray.bosco@example.org,password
Marcel Prosacco,Marcel Prosacco,xbruen@example.com,password
Lydia Hoppe,Lydia Hoppe,june.auer@example.org,password
Santos Conroy,Santos Conroy,schinner.maye@example.com,password
Eva Ankunding,Eva Ankunding,ymosciski@example.com,password
Patricia Crist V,Patricia Crist V,marlin00@example.com,password
Mr. Hayden Glover PhD,Mr. Hayden Glover PhD,ida.reichel@example.net,password
Ms. Estel Leuschke II,Ms. Estel Leuschke II,russel.clotilde@example.net,password
Mrs. Cierra Bechtelar,Mrs. Cierra Bechtelar,velda84@example.org,password
Jasper Rowe,Jasper Rowe,ernser.nakia@example.com,password
Tamia Zemlak,Tamia Zemlak,mmraz@example.com,password
Shad Gottlieb,Shad Gottlieb,garland50@example.org,password
Stanley Fay,Stanley Fay,brekke.maynard@example.com,password
Tabitha Nikolaus,Tabitha Nikolaus,goldner.gay@example.org,password
Prof. Evangeline Marquardt V,Prof. Evangeline Marquardt V,nicolette97@example.net,password
Patrick Abshire,Patrick Abshire,batz.lamar@example.net,password
Aaliyah Sauer Sr.,Aaliyah Sauer Sr.,wcarroll@example.net,password
Mrs. Candida Windler,Mrs. Candida Windler,satterfield.brendan@example.org,password
Prof. Josiah Schuppe MD,Prof. Josiah Schuppe MD,quentin.morissette@example.net,password
Magdalena Stamm,Magdalena Stamm,kstracke@example.net,password
Mr. Mike Von III,Mr. Mike Von III,zstoltenberg@example.net,password
Alexander Rodriguez II,Alexander Rodriguez II,jenkins.allene@example.net,password
Kelli Lindgren Jr.,Kelli Lindgren Jr.,jmarquardt@example.net,password
Tanya Larson,Tanya Larson,gdenesik@example.com,password
Miss Bridie Huel MD,Miss Bridie Huel MD,dhilpert@example.com,password
Alyson Balistreri,Alyson Balistreri,jailyn.hartmann@example.org,password
Esta Goldner,Esta Goldner,geovanny.lockman@example.com,password
Hope Wiza,Hope Wiza,lockman.iva@example.org,password
Madonna Weimann,Madonna Weimann,angeline59@example.net,password
Connor Borer Jr.,Connor Borer Jr.,cesar.rodriguez@example.com,password
Lauryn Effertz,Lauryn Effertz,considine.raymond@example.org,password
Dr. Cicero Cremin DDS,Dr. Cicero Cremin DDS,estella.abbott@example.net,password
Selena Durgan,Selena Durgan,liliane.luettgen@example.com,password
Mekhi Cartwright,Mekhi Cartwright,elias16@example.net,password
Caleigh Stiedemann,Caleigh Stiedemann,nkovacek@example.com,password
Kaylee Beatty,Kaylee Beatty,stark.damaris@example.org,password
Dr. Ariane Ebert,Dr. Ariane Ebert,forrest.bode@example.com,password
Anya Kirlin,Anya Kirlin,josie.tillman@example.net,password
Ms. Laury Braun DDS,Ms. Laury Braun DDS,vgoldner@example.net,password
Miss Rosalee Borer I,Miss Rosalee Borer I,hickle.joana@example.net,password
Vicenta Gislason,Vicenta Gislason,alana.okuneva@example.org,password
Alyce Orn,Alyce Orn,melody93@example.com,password
Mr. Edmond Lind,Mr. Edmond Lind,auer.maya@example.com,password
Bryana Crooks,Bryana Crooks,morar.jordy@example.com,password
Idella Pfannerstill III,Idella Pfannerstill III,padberg.arlie@example.com,password
Dr. Frederik Jenkins,Dr. Frederik Jenkins,moshe63@example.com,password
Miss Alivia Crooks,Miss Alivia Crooks,aron.rutherford@example.net,password
Hilbert Gorczany,Hilbert Gorczany,giles29@example.net,password
Lurline Conn PhD,Lurline Conn PhD,felipa58@example.com,password
Leda Rolfson,Leda Rolfson,fdibbert@example.net,password
Mozelle Goldner,Mozelle Goldner,lea74@example.com,password
Hassie Prohaska,Hassie Prohaska,nmorissette@example.net,password
Cicero Fahey,Cicero Fahey,gleannon@example.com,password
Laurel Keeling,Laurel Keeling,rhartmann@example.org,password
Roslyn Langosh,Roslyn Langosh,konopelski.dawn@example.org,password
Richmond Daugherty,Richmond Daugherty,julian39@example.com,password
Kamron Dare III,Kamron Dare III,allan53@example.org,password
Judy Kuphal,Judy Kuphal,ldooley@example.net,password
Prof. Mac Harber II,Prof. Mac Harber II,arianna72@example.net,password
Alberta Mertz I,Alberta Mertz I,seamus.cronin@example.org,password
Mr. Arden Gutmann,Mr. Arden Gutmann,gretchen48@example.org,password
Dr. Raphael Murphy,Dr. Raphael Murphy,asporer@example.org,password
Elsie Bradtke II,Elsie Bradtke II,melyna.weber@example.org,password
Collin Sporer,Collin Sporer,yost.dannie@example.com,password
Prof. Amelia Paucek I,Prof. Amelia Paucek I,brett90@example.com,password
Demond Homenick,Demond Homenick,ladarius81@example.com,password
Zetta Pollich,Zetta Pollich,lschoen@example.com,password
Aron Rippin,Aron Rippin,jeffery29@example.net,password
Giovanna Carroll,Giovanna Carroll,una.marquardt@example.com,password
Miss Tyra Abernathy,Miss Tyra Abernathy,zbrakus@example.com,password
Fidel Kris,Fidel Kris,marquis35@example.com,password
Arnulfo Cremin II,Arnulfo Cremin II,johnson88@example.net,password
Jeanie Block,Jeanie Block,romaguera.lilly@example.org,password
Beaulah Zulauf,Beaulah Zulauf,freda08@example.org,password
Florine Reichert,Florine Reichert,parker.theo@example.net,password
Mr. Talon Kautzer,Mr. Talon Kautzer,horace13@example.net,password
Diamond Oberbrunner,Diamond Oberbrunner,nlegros@example.com,password
Reba Boyle,Reba Boyle,bartoletti.salvador@example.com,password
Odessa Stamm,Odessa Stamm,lemke.rollin@example.com,password
Jennifer Kutch,Jennifer Kutch,wilbert.white@example.net,password
Cole Hackett,Cole Hackett,egorczany@example.com,password
Malcolm Von MD,Malcolm Von MD,mjacobson@example.net,password
Dr. Marley Braun,Dr. Marley Braun,lonie47@example.org,password
Marilyne Johnston,Marilyne Johnston,bruen.nasir@example.net,password
Tobin Fay,Tobin Fay,nienow.roger@example.org,password
Nolan Goldner,Nolan Goldner,iherman@example.net,password
Prof. Austin Conroy II,Prof. Austin Conroy II,qgaylord@example.com,password
Retha Paucek,Retha Paucek,jon64@example.org,password
Eldora Moen,Eldora Moen,ggrady@example.com,password
Guiseppe Cummings DDS,Guiseppe Cummings DDS,lea.veum@example.net,password
Prof. Jeff Herzog,Prof. Jeff Herzog,boyer.magnolia@example.org,password
Prof. Mark Senger,Prof. Mark Senger,grayson44@example.net,password
Malinda Kohler,Malinda Kohler,jwelch@example.com,password
Alta Raynor IV,Alta Raynor IV,gertrude.wunsch@example.com,password
Peyton Kovacek,Peyton Kovacek,rupert.armstrong@example.net,password
Benjamin Tromp II,Benjamin Tromp II,birdie03@example.net,password
Miss Reyna Parker Jr.,Miss Reyna Parker Jr.,dovie35@example.net,password
Marlene Wiza,Marlene Wiza,dietrich.kris@example.net,password
Ernesto Wilderman,Ernesto Wilderman,mattie.mosciski@example.com,password
Dr. Nyasia Hane,Dr. Nyasia Hane,icruickshank@example.net,password
Dr. Kattie Cummerata I,Dr. Kattie Cummerata I,bradley48@example.org,password
Chanelle Hintz,Chanelle Hintz,brekke.maynard@example.org,password
Bella Mohr,Bella Mohr,liana43@example.org,password
Prof. Dixie Adams,Prof. Dixie Adams,demarcus55@example.com,password
Quentin Ratke,Quentin Ratke,philip.huels@example.net,password
Newell Jacobi,Newell Jacobi,antoinette00@example.org,password
Eldridge Mueller,Eldridge Mueller,mariano61@example.net,password
Candice Okuneva DDS,Candice Okuneva DDS,christina.nienow@example.org,password
Dr. Alfredo Hane,Dr. Alfredo Hane,smiller@example.org,password
Mr. Junius Rempel,Mr. Junius Rempel,kovacek.jade@example.com,password
Miss Gwen Heaney DVM,Miss Gwen Heaney DVM,nwyman@example.net,password
Daniella Brown,Daniella Brown,kpredovic@example.net,password
Jackie Davis,Jackie Davis,jast.uriah@example.com,password
Prof. Earnest Stracke DVM,Prof. Earnest Stracke DVM,kasandra.jenkins@example.com,password
Mrs. Anya Robel DVM,Mrs. Anya Robel DVM,trever93@example.org,password
Devyn Murray,Devyn Murray,tabitha04@example.org,password
Carmen Torp,Carmen Torp,vandervort.syble@example.com,password
Dr. Verdie Satterfield,Dr. Verdie Satterfield,consuelo.prohaska@example.net,password
Yessenia Orn,Yessenia Orn,hweissnat@example.org,password
Mckenna Sipes PhD,Mckenna Sipes PhD,olson.yolanda@example.com,password
Germaine Thiel,Germaine Thiel,herta.heathcote@example.net,password
Prof. Jakob Hauck,Prof. Jakob Hauck,tressa.zieme@example.com,password
Dr. Delbert Walter II,Dr. Delbert Walter II,phaag@example.com,password
Cassandre Okuneva,Cassandre Okuneva,dritchie@example.org,password
Brandy Gorczany DDS,Brandy Gorczany DDS,trever.daniel@example.org,password
Mrs. Eden Quitzon I,Mrs. Eden Quitzon I,toy.kaia@example.net,password
Emil Quitzon,Emil Quitzon,loren.strosin@example.com,password
Cesar Emmerich,Cesar Emmerich,luciano22@example.com,password
Camille Jones,Camille Jones,ubeatty@example.org,password
Antwon Keeling,Antwon Keeling,conroy.leo@example.org,password
Dr. Cyril Nikolaus MD,Dr. Cyril Nikolaus MD,sebastian39@example.net,password
Kian Kilback,Kian Kilback,josiane.eichmann@example.org,password
Ms. Dorothy Goyette,Ms. Dorothy Goyette,fjones@example.com,password
Elwin McGlynn,Elwin McGlynn,ustroman@example.com,password
Mrs. Brielle Jacobson III,Mrs. Brielle Jacobson III,margarete63@example.net,password
Dr. Bernard Berge,Dr. Bernard Berge,nellie35@example.org,password
Mrs. Lucy Barrows Sr.,Mrs. Lucy Barrows Sr.,muller.luis@example.com,password
Brandi Huels,Brandi Huels,joey.nikolaus@example.net,password
Louisa Bergnaum,Louisa Bergnaum,eriberto.dach@example.org,password
Mr. Tavares Brekke,Mr. Tavares Brekke,wdavis@example.org,password
Geraldine Gleichner,Geraldine Gleichner,ykrajcik@example.com,password
Bernice Johns,Bernice Johns,dgrady@example.org,password
Johnnie Johnson,Johnnie Johnson,ekertzmann@example.org,password
Javier Simonis,Javier Simonis,kzboncak@example.com,password
Prof. Geovany Wilkinson DVM,Prof. Geovany Wilkinson DVM,sdavis@example.com,password
Leda Walker,Leda Walker,ima.green@example.net,password
Toni Willms Jr.,Toni Willms Jr.,jprohaska@example.com,password
Deron Waelchi Jr.,Deron Waelchi Jr.,jermain.terry@example.net,password
Makayla Trantow,Makayla Trantow,brock36@example.net,password
Miss Monica Schuster,Miss Monica Schuster,rutherford.abdiel@example.net,password
Prof. Glenna Walsh MD,Prof. Glenna Walsh MD,alayna.trantow@example.org,password
Vicky Marquardt PhD,Vicky Marquardt PhD,troy.heaney@example.com,password
Terrill Haley,Terrill Haley,estefania.wintheiser@example.com,password
Melyssa Carroll Sr.,Melyssa Carroll Sr.,hickle.gudrun@example.com,password
Logan D'Amore,Logan D'Amore,rollin67@example.net,password
Lucie Brown,Lucie Brown,moen.avery@example.net,password
Muriel Gutkowski,Muriel Gutkowski,huel.justina@example.net,password
Mr. Zion Hudson,Mr. Zion Hudson,lmohr@example.com,password
Trenton Kohler,Trenton Kohler,arnold58@example.org,password
Arianna Schultz,Arianna Schultz,kkozey@example.net,password
Veronica Kertzmann,Veronica Kertzmann,lulu.hermann@example.com,password
Sophie Pouros,Sophie Pouros,buckridge.ardella@example.com,password
Reggie Tremblay,Reggie Tremblay,lori.frami@example.org,password
Annalise Strosin,Annalise Strosin,carissa.reichert@example.com,password
Carlee Stiedemann,Carlee Stiedemann,florida.hessel@example.com,password
Dylan Gaylord,Dylan Gaylord,kristian50@example.com,password
Litzy Casper,Litzy Casper,gmacejkovic@example.net,password
Jaclyn Feil,Jaclyn Feil,earlene.roob@example.org,password
Katheryn Ortiz,Katheryn Ortiz,rippin.jodie@example.org,password
Delilah Feeney,Delilah Feeney,pokeefe@example.com,password
Amie Bogisich,Amie Bogisich,lester31@example.net,password
Sheridan Howe,Sheridan Howe,conroy.tristian@example.com,password
Mr. Sylvester Champlin,Mr. Sylvester Champlin,oward@example.net,password
Lela Hegmann,Lela Hegmann,simonis.haven@example.org,password
Brycen Vandervort,Brycen Vandervort,qhintz@example.org,password
Godfrey Hettinger,Godfrey Hettinger,vmarvin@example.org,password
Weston Hahn,Weston Hahn,keagan81@example.net,password
Mr. Brandt Bailey V,Mr. Brandt Bailey V,alfonso.koch@example.com,password
Dr. Cassidy Boehm,Dr. Cassidy Boehm,ursula.jacobson@example.net,password
Lucile Ledner,Lucile Ledner,nicole.erdman@example.com,password
Prof. Jan Treutel MD,Prof. Jan Treutel MD,leland.mills@example.org,password
Jailyn Ryan,Jailyn Ryan,denesik.leila@example.com,password
Jasmin Collins V,Jasmin Collins V,esmith@example.com,password
Nathaniel Moen,Nathaniel Moen,roselyn.sawayn@example.net,password
Constance Oberbrunner,Constance Oberbrunner,bbosco@example.org,password
Prof. Anastasia Hermiston,Prof. Anastasia Hermiston,darren.cronin@example.com,password
Dustin West,Dustin West,fchamplin@example.org,password
Dr. Erick Durgan DVM,Dr. Erick Durgan DVM,rherman@example.net,password
Piper Bosco,Piper Bosco,leo.torphy@example.com,password
Dominique Hansen,Dominique Hansen,cartwright.claudie@example.com,password
Elvera Carter,Elvera Carter,myles51@example.com,password
Dr. Kaelyn Tremblay,Dr. Kaelyn Tremblay,cordie14@example.net,password
Cristal Mosciski,Cristal Mosciski,margie.zboncak@example.org,password
Fritz Zboncak,Fritz Zboncak,orn.meredith@example.org,password
Freeman Willms,Freeman Willms,iabbott@example.net,password
Prof. Dock Schiller,Prof. Dock Schiller,felicita.nolan@example.org,password
Lorine Feeney,Lorine Feeney,raymond.farrell@example.org,password
Franco Herzog MD,Franco Herzog MD,thiel.landen@example.org,password
Wilma Leannon,Wilma Leannon,aditya.balistreri@example.net,password
Stephon Farrell,Stephon Farrell,farrell.kyleigh@example.org,password
Berry Smith I,Berry Smith I,mitchell.aniya@example.org,password
Keon Streich,Keon Streich,reffertz@example.org,password
Helene Davis,Helene Davis,mathias.jenkins@example.org,password
Tara Weissnat,Tara Weissnat,bbecker@example.org,password
Ms. Margarett Schinner IV,Ms. Margarett Schinner IV,kdurgan@example.org,password
Mrs. Emelia Collins I,Mrs. Emelia Collins I,carmel.harber@example.org,password
Mrs. Noelia Lindgren,Mrs. Noelia Lindgren,vincenza.tromp@example.com,password
Dr. Madelyn Shields,Dr. Madelyn Shields,shields.antonette@example.net,password
Scotty Miller II,Scotty Miller II,sawayn.alan@example.com,password
April Streich,April Streich,bayer.jerrold@example.com,password
Era Kiehn,Era Kiehn,barrows.sallie@example.com,password
Adrianna Aufderhar,Adrianna Aufderhar,levi99@example.org,password
Providenci Hessel,Providenci Hessel,abigale.hills@example.com,password
Prof. Arnoldo Koch DDS,Prof. Arnoldo Koch DDS,jorge.okon@example.net,password
Arianna Effertz,Arianna Effertz,gerard38@example.com,password
Lorenza Anderson,Lorenza Anderson,kozey.myrtie@example.net,password
Anabel Wisozk,Anabel Wisozk,yzieme@example.org,password
Bailee Quigley,Bailee Quigley,mallory.braun@example.org,password
Deron Kulas,Deron Kulas,tvandervort@example.net,password
Connie Runolfsdottir,Connie Runolfsdottir,cristobal04@example.org,password
Columbus Miller,Columbus Miller,gwilliamson@example.org,password
Garland Ratke,Garland Ratke,reyes70@example.org,password
Albina Gleason,Albina Gleason,cronin.davion@example.net,password
Scotty Abernathy,Scotty Abernathy,brandyn.marquardt@example.net,password
Ozella Wolff,Ozella Wolff,jackie.swaniawski@example.com,password
Sterling Runolfsson,Sterling Runolfsson,wendell29@example.net,password
Hilbert Tremblay,Hilbert Tremblay,frieda.larson@example.com,password
Prof. Hardy Torp PhD,Prof. Hardy Torp PhD,ewell67@example.net,password
Miss Providenci Yost,Miss Providenci Yost,rosenbaum.abigayle@example.net,password
Otho Kreiger,Otho Kreiger,hegmann.kaylin@example.com,password
Garrett Reinger,Garrett Reinger,lwisozk@example.net,password
Marcella Anderson,Marcella Anderson,wiegand.davon@example.org,password
Dr. Grady Heller III,Dr. Grady Heller III,fay.sally@example.org,password
Ashly Kohler,Ashly Kohler,jkrajcik@example.com,password
Sharon Johns,Sharon Johns,cicero37@example.net,password
Mr. Leo Bernhard,Mr. Leo Bernhard,dhaag@example.net,password
Jamarcus Jones DVM,Jamarcus Jones DVM,corwin.alexandro@example.com,password
Dr. Luis Jerde,Dr. Luis Jerde,karlie.will@example.org,password
Ms. Florine Sawayn I,Ms. Florine Sawayn I,hickle.bernita@example.net,password
Ms. June Bartell V,Ms. June Bartell V,pacocha.cleveland@example.net,password
Larue Tillman,Larue Tillman,alexandrea.hill@example.com,password
Mr. Earl Witting III,Mr. Earl Witting III,graciela.watsica@example.com,password
Tierra Walter,Tierra Walter,jena62@example.org,password
Prof. Clair Dicki,Prof. Clair Dicki,aharvey@example.net,password
Tianna Jerde,Tianna Jerde,zbosco@example.net,password
Tara Nicolas,Tara Nicolas,vsenger@example.org,password
Carmel Schinner,Carmel Schinner,alfred.willms@example.net,password
Alta Koch Sr.,Alta Koch Sr.,sbatz@example.com,password
Mr. Russel Wunsch,Mr. Russel Wunsch,robbie.konopelski@example.net,password
Isabella Sawayn,Isabella Sawayn,denesik.arvilla@example.com,password
Ms. Abbey Smitham,Ms. Abbey Smitham,delphia.mclaughlin@example.org,password
Miss Laura Mraz,Miss Laura Mraz,erdman.orie@example.org,password
Coby Pfannerstill,Coby Pfannerstill,dandre.bayer@example.org,password
Perry Herman,Perry Herman,cjakubowski@example.org,password
Prof. Megane Mante IV,Prof. Megane Mante IV,pwuckert@example.com,password
Emily Jacobi,Emily Jacobi,pfeffer.craig@example.com,password
Margie Waters II,Margie Waters II,terrance.huels@example.net,password
Kiley Cummerata,Kiley Cummerata,grant.jerry@example.net,password
Dr. Tiffany Gibson,Dr. Tiffany Gibson,vhagenes@example.org,password
Chanelle Gerlach,Chanelle Gerlach,carroll.guiseppe@example.org,password
Delpha Nienow,Delpha Nienow,emerson41@example.net,password
Cielo Walker,Cielo Walker,santiago80@example.net,password
Geo Kerluke,Geo Kerluke,ejaskolski@example.org,password
Rogelio Little,Rogelio Little,mortimer.mcclure@example.net,password
Tess Koelpin,Tess Koelpin,eusebio60@example.com,password
Miss Keara Frami DDS,Miss Keara Frami DDS,hkutch@example.org,password
Dejon Metz IV,Dejon Metz IV,bmoen@example.net,password
Talia Roob,Talia Roob,rlockman@example.org,password
Casper Fadel,Casper Fadel,kozey.adrain@example.com,password
Domenick Klocko,Domenick Klocko,horacio74@example.net,password
Mr. Seth O'Kon III,Mr. Seth O'Kon III,eriberto07@example.net,password
Dr. Arlo Anderson II,Dr. Arlo Anderson II,lebsack.ezra@example.org,password
Verdie White,Verdie White,sjenkins@example.net,password
Jimmie Gaylord,Jimmie Gaylord,hailee34@example.org,password
Georgianna Weber,Georgianna Weber,pfeffer.gaetano@example.com,password
Dr. Chance Kuhic DDS,Dr. Chance Kuhic DDS,rolfson.maria@example.com,password
Dr. Mattie Wolff,Dr. Mattie Wolff,sidney.runte@example.com,password
Jules Borer I,Jules Borer I,cruickshank.dina@example.net,password
Daniella Dooley,Daniella Dooley,travon.turner@example.org,password
Elouise Mayer III,Elouise Mayer III,myrtle.ondricka@example.org,password
Mrs. Verona Hirthe I,Mrs. Verona Hirthe I,goyette.thad@example.org,password
Prof. Tanya Zulauf,Prof. Tanya Zulauf,amari.rice@example.com,password
Mrs. Casandra Bosco,Mrs. Casandra Bosco,stark.nola@example.net,password
Ellie Medhurst,Ellie Medhurst,joseph.flatley@example.com,password
Dr. Aniyah Streich,Dr. Aniyah Streich,herminio71@example.net,password
Braden Lynch,Braden Lynch,fmills@example.net,password
Stone Kuhic,Stone Kuhic,winifred.schaefer@example.org,password
Giovanny Mann,Giovanny Mann,samir66@example.net,password
Prof. Eva Frami,Prof. Eva Frami,marks.darien@example.net,password
Mateo Jacobi,Mateo Jacobi,khammes@example.com,password
Haylie Predovic,Haylie Predovic,nader.norberto@example.org,password
Dejon West,Dejon West,econn@example.org,password
Mariam Mills V,Mariam Mills V,becker.zoie@example.org,password
