first_name,last_name,email,password,area
Marielle Predovic,Marielle Predovic,roy.krajcik@example.net,password,Area 1
Vada Weber,Vada Weber,herman40@example.com,password,Area 2
Pascale Maggio,Pascale Maggio,isabel73@example.org,password,Area 3
Prof. Santiago Bartoletti,Prof. Santiago Bartoletti,reed.okeefe@example.com,password,Area 4
Jannie Crooks,Jannie Crooks,bartoletti.ana@example.org,password,Area 5
Filiberto Christiansen,Filiberto Christiansen,pleannon@example.com,password,Area 1
Prof. Jovany Daugherty,Prof. Jovany Daugherty,jacobi.rodrigo@example.net,password,Area 2
Dr. Wilford Rempel,Dr. Wilford Rempel,amedhurst@example.net,password,Area 3
Ms. Damaris Luettgen MD,Ms. Damaris Luettgen MD,randi.breitenberg@example.org,password,Area 4
Prof. Federico Cole,Prof. Federico Cole,yluettgen@example.net,password,Area 5
Ms. Renee Marvin III,Ms. Renee Marvin III,wilma99@example.com,password,Area 1
Paul Runte,Paul Runte,jerdman@example.org,password,Area 2
Mr. Gregg Champlin,Mr. Gregg Champlin,boyer.bobbie@example.com,password,Area 3
Haylee Tremblay,Haylee Tremblay,ihoppe@example.com,password,Area 4
Prof. Earnest Kunde Jr.,Prof. Earnest Kunde Jr.,russell.oberbrunner@example.org,password,Area 5
Casimir Lueilwitz,Casimir Lueilwitz,mayer.darrin@example.com,password,Area 1
Veda Gutmann,Veda Gutmann,kirsten.white@example.com,password,Area 2
Candida Connelly I,Candida Connelly I,ikutch@example.org,password,Area 3
Brock Miller,Brock Miller,reichel.lewis@example.com,password,Area 4
Prof. Hilma Tromp,Prof. Hilma Tromp,danika.rippin@example.org,password,Area 5
Angus Rodriguez,Angus Rodriguez,volkman.maurice@example.net,password,Area 1
Dr. Rhianna Blanda,Dr. Rhianna Blanda,koepp.anahi@example.com,password,Area 2
Aleen Turcotte,Aleen Turcotte,windler.rebecca@example.net,password,Area 3
Miss Claudia Lang,Miss Claudia Lang,nedra.brown@example.com,password,Area 4
Dr. Oswaldo Daugherty III,Dr. Oswaldo Daugherty III,troy57@example.com,password,Area 5
Emma Mann,Emma Mann,wlittle@example.net,password,Area 1
Maxwell Yost,Maxwell Yost,libby17@example.com,password,Area 2
Dr. Amanda Mertz,Dr. Amanda Mertz,hziemann@example.net,password,Area 3
Dr. Margie Ullrich,Dr. Margie Ullrich,gschiller@example.com,password,Area 4
Ms. Charity Ortiz Jr.,Ms. Charity Ortiz Jr.,gtillman@example.com,password,Area 5
Jan Schamberger,Jan Schamberger,bryce.reichel@example.net,password,Area 1
Viva Koepp,Viva Koepp,schmidt.mariane@example.org,password,Area 2
Prof. Luciano Kertzmann II,Prof. Luciano Kertzmann II,tschmitt@example.com,password,Area 3
Fermin Fadel I,Fermin Fadel I,gsimonis@example.org,password,Area 4
Guy Lindgren I,Guy Lindgren I,fcrona@example.com,password,Area 5
Elnora Lebsack DDS,Elnora Lebsack DDS,izieme@example.net,password,Area 1
Prof. Terence Ratke,Prof. Terence Ratke,dorthy19@example.org,password,Area 2
Alena Runte DVM,Alena Runte DVM,bdibbert@example.org,password,Area 3
Esther Kunze,Esther Kunze,jarrett55@example.org,password,Area 4
Kenton Volkman,Kenton Volkman,yundt.margie@example.org,password,Area 5
Stephanie Bergstrom,Stephanie Bergstrom,eileen46@example.net,password,Area 1
Ettie Dietrich,Ettie Dietrich,qkihn@example.net,password,Area 2
Dr. Kane Herzog Jr.,Dr. Kane Herzog Jr.,joey27@example.net,password,Area 3
Llewellyn O'Kon,Llewellyn O'Kon,sharon.emmerich@example.org,password,Area 4
D'angelo Wilkinson,D'angelo Wilkinson,qtillman@example.net,password,Area 5
Orville Beer,Orville Beer,wilderman.aileen@example.net,password,Area 1
Christ Kris,Christ Kris,srunolfsdottir@example.com,password,Area 2
Jovanny Doyle IV,Jovanny Doyle IV,coralie67@example.net,password,Area 3
Hassan Paucek,Hassan Paucek,willms.kristofer@example.com,password,Area 4
Arne Gleason,Arne Gleason,dbarton@example.org,password,Area 5
Cleta Davis,Cleta Davis,pwyman@example.net,password,Area 1
Prof. Mackenzie Greenfelder Jr.,Prof. Mackenzie Greenfelder Jr.,zfarrell@example.org,password,Area 2
Prof. Sydney O'Hara DVM,Prof. Sydney O'Hara DVM,pacocha.janae@example.com,password,Area 3
Orin Boyle,Orin Boyle,npredovic@example.org,password,Area 4
Miguel Franecki,Miguel Franecki,anna.crona@example.com,password,Area 5
Mrs. Missouri Kihn II,Mrs. Missouri Kihn II,joshua08@example.net,password,Area 1
Al Wuckert Jr.,Al Wuckert Jr.,steuber.ayla@example.org,password,Area 2
Mac Hoeger,Mac Hoeger,wilbert.rogahn@example.com,password,Area 3
Orval Ernser,Orval Ernser,oreilly.sienna@example.net,password,Area 4
Mr. Golden Kovacek,Mr. Golden Kovacek,schmeler.adrain@example.com,password,Area 5
Isabel Donnelly,Isabel Donnelly,carter.roberto@example.org,password,Area 1
Lia Kunde,Lia Kunde,carissa73@example.com,password,Area 2
Abbie Leffler,Abbie Leffler,sswaniawski@example.com,password,Area 3
Ron Berge Jr.,Ron Berge Jr.,ernestine.dietrich@example.net,password,Area 4
Diana Prohaska,Diana Prohaska,ray61@example.net,password,Area 5
Isai Hahn,Isai Hahn,chaim.hills@example.net,password,Area 1
Mr. Tyrique Reynolds PhD,Mr. Tyrique Reynolds PhD,becker.zion@example.com,password,Area 2
Melissa Sawayn,Melissa Sawayn,rahul.ebert@example.org,password,Area 3
Electa VonRueden DDS,Electa VonRueden DDS,alexandra45@example.net,password,Area 4
Vladimir Herzog,Vladimir Herzog,borer.lukas@example.org,password,Area 5
Houston Brekke MD,Houston Brekke MD,ciara.brakus@example.com,password,Area 1
Malika O'Conner,Malika O'Conner,justyn.schamberger@example.com,password,Area 2
Thalia Crist,Thalia Crist,murazik.bernard@example.net,password,Area 3
Dr. Tommie Hilpert,Dr. Tommie Hilpert,nicolas.harvey@example.org,password,Area 4
Damon Simonis,Damon Simonis,devan70@example.com,password,Area 5
Jensen Volkman,Jensen Volkman,zhuels@example.net,password,Area 1
River Koch PhD,River Koch PhD,nash.hoppe@example.org,password,Area 2
Ludwig Gibson Jr.,Ludwig Gibson Jr.,welch.chris@example.org,password,Area 3
Miss Heloise Kihn II,Miss Heloise Kihn II,padberg.kayli@example.org,password,Area 4
Miss Ruby Beatty MD,Miss Ruby Beatty MD,qleannon@example.org,password,Area 5
Otto Wisoky,Otto Wisoky,diego.graham@example.com,password,Area 1
Kaleigh Cartwright DDS,Kaleigh Cartwright DDS,casey.west@example.com,password,Area 2
Bo Maggio,Bo Maggio,reilly.amelia@example.net,password,Area 3
Tavares O'Reilly,Tavares O'Reilly,djakubowski@example.net,password,Area 4
Jane Bernhard,Jane Bernhard,heaney.rodolfo@example.net,password,Area 5
Prof. Edward Casper IV,Prof. Edward Casper IV,rene57@example.net,password,Area 1
Vella Moen,Vella Moen,katelyn.cremin@example.org,password,Area 2
Jaylen Simonis Sr.,Jaylen Simonis Sr.,griffin.kiehn@example.com,password,Area 3
Rhett Cole,Rhett Cole,torphy.brandy@example.net,password,Area 4
Mr. Jerrold Romaguera DVM,Mr. Jerrold Romaguera DVM,rhoda.morar@example.net,password,Area 5
Ms. Mable Rau,Ms. Mable Rau,sipes.eduardo@example.org,password,Area 1
Percival Runte Jr.,Percival Runte Jr.,nkreiger@example.org,password,Area 2
Prof. Scot Labadie,Prof. Scot Labadie,nienow.jane@example.com,password,Area 3
Enrique Kassulke,Enrique Kassulke,mandy.hodkiewicz@example.org,password,Area 4
Dr. Marian Altenwerth I,Dr. Marian Altenwerth I,naomi15@example.net,password,Area 5
Beth Bauch,Beth Bauch,kuvalis.catalina@example.org,password,Area 1
Prof. Geo Murphy III,Prof. Geo Murphy III,jamison70@example.org,password,Area 2
Margarita Johns,Margarita Johns,merritt68@example.org,password,Area 3
Garfield Ryan,Garfield Ryan,london36@example.com,password,Area 4
Jorge Sipes,Jorge Sipes,mazie24@example.com,password,Area 5
Ms. Leora Haag II,Ms. Leora Haag II,awehner@example.org,password,Area 1
Bernardo Sauer,Bernardo Sauer,cloyd.grady@example.com,password,Area 2
